filename,interface_id,int_area,int_solv_en,stab_en,pvalue,n_hbonds
relaxed_WT,1,888.8544727,-9.627671091,-13.1799684,0.126258098,8
d0_n0_relaxed,1,672.6256991,-8.233070397,-9.565181888,0.173933347,3
d1_n0_relaxed,1,807.9305672,-8.459676424,-11.12389941,0.094966595,6
d1_n1_relaxed,1,895.5010694,-10.14690599,-12.81112897,0.09794443,6
d1_n2_relaxed,1,930.4259383,-7.761502197,-10.72578042,0.199087963,5
d1_n3_relaxed,1,815.6851929,-9.427418294,-10.75952978,0.126725279,3
