description,complex_normalized,dSASA_int,hbonds_int,hbond_E_fraction,delta_unsatHbonds,sc_value,complex_normalized_1,complex_normalized_2,dSASA_int_1,dSASA_int_2,hbonds_int_1,hbonds_int_2,hbond_E_fraction_1,hbond_E_fraction_2,delta_unsatHbonds_1,delta_unsatHbonds_2,sc_value_1,sc_value_2,complex_normalized_quality,dSASA_int_quality,hbonds_int_quality,hbond_E_fraction_quality,delta_unsatHbonds_quality,sc_value_quality,total_score,dG_cross,dG_cross/dSASAx100,dG_separated,dG_separated/dSASAx100,dSASA_hphobic,dSASA_polar,nres_all,nres_int,packstat,per_residue_energy_int,side1_normalized,side1_score,side2_normalized,side2_score
relaxed_6Y6C_BC_Repair_0001_0001,-3.899,1788.55,7.0,0.18,20.0,0.574,,,,,,,,,,,,,1.0,0.8334076614970386,1.0,1.0,0.0,0.0,0.000,-54.805,-3.064,-54.805,-3.064,1036.281,752.269,346.000,71.000,0.000,-3.764,-4.285,-145.699,-3.284,-121.512
relaxed_design0_n0_0001_0001,-3.611,1388.636,4.0,0.146,11.0,0.702,,,,,,,,,,,,,0.05573770491803387,0.0,0.4,0.6761904761904761,0.6,0.9208633093525179,0.000,-36.109,-2.600,-36.109,-2.600,839.338,549.298,349.000,70.000,0.000,-3.015,-3.188,-102.025,-2.870,-109.047
relaxed_design1_n0_0001_0001,-3.594,1655.476,7.0,0.179,16.0,0.713,,,,,,,,,,,,,0.0,0.556085809433703,1.0,0.9904761904761905,0.2666666666666667,1.0,0.000,-51.581,-3.116,-51.581,-3.116,1008.182,647.294,349.000,70.000,0.000,-3.270,-3.718,-115.265,-2.914,-113.650
relaxed_design1_n1_0001_0001,-3.727,1836.104,7.0,0.134,5.0,0.699,,,,,,,,,,,,,0.4360655737704916,0.9325086380440718,1.0,0.561904761904762,1.0,0.8992805755395683,0.000,-50.693,-2.761,-50.693,-2.761,1089.248,746.856,349.000,77.000,0.000,-3.251,-3.562,-117.557,-3.017,-132.753
relaxed_design1_n2_0001_0001,-3.638,1868.49,6.0,0.137,11.0,0.685,,,,,,,,,,,,,0.1442622950819673,1.0,0.8,0.5904761904761906,0.6,0.7985611510791373,0.000,-49.820,-2.666,-49.820,-2.666,1056.290,812.200,349.000,73.000,0.000,-3.542,-3.995,-135.825,-3.147,-122.721
relaxed_design1_n3_0001_0001,-3.793,1684.115,2.0,0.075,10.0,0.638,,,,,,,,,,,,,0.6524590163934432,0.615768546266156,0.0,0.0,0.6666666666666667,0.46043165467625935,0.000,-41.585,-2.469,-41.585,-2.469,1083.598,600.517,349.000,73.000,0.000,-3.320,-3.359,-94.049,-3.295,-148.291
